ID,대사 그룹 ID,대사 출력 순서,화자,화자 감정 상태,대사 번호,호감도 증감,대사 텍스트_KR,다음 ID
ITV_001,DG_ITV001_Ruby_Ask,1,Player,,1,,당신은 최근 이슈가 된 빌런에 대해 어떻게 생각하는 지 물었다.,DG_ITV001_Ruby_Response_Router
ITV_002,DG_ITV001_Ruby_Response,2,Ruby,증오,1,0,(압도적인 살기가 주위를 질식시키고 있다.),END
ITV_003,DG_ITV001_Ruby_Response,2,Ruby,경멸,1,-1,닥쳐. 관심없어.,END
ITV_004,DG_ITV001_Ruby_Response,2,Ruby,경멸,2,-1,다른 놈들이 뭘 하던 난 관심 없어.,END
ITV_005,DG_ITV001_Ruby_Response,2,Ruby,무관심,1,-1,재미없는 얘기 늘어놓지 마.,END
ITV_006,DG_ITV001_Ruby_Response,2,Ruby,무관심,2,-1,다른 놈들이 뭘 하는지 내가 왜 알아야 하지?,END
ITV_007,DG_ITV001_Ruby_Response,2,Ruby,흥미,1,-1,흥… 재미없네,END
ITV_008,DG_ITV001_Ruby_Response,2,Ruby,흥미,2,-1,"나한테 질문할 게 있어서 온 줄 알았는데, 착각이었나 보네.",END
ITV_009,DG_ITV001_Ruby_Response,2,Ruby,우호,1,-1,날 취재하러 온 거 아니었어?,END
ITV_010,DG_ITV001_Ruby_Response,2,Ruby,우호,2,-1,그게 누군데? 나한테 질문할 건 없고?,END
ITV_011,DG_ITV002_Ruby_Ask,1,Player,,1,,당신은 그녀가 충분한 힘을 가졌기 때문에 정의를 위해 싸우면 좋을 것이라고 하였다.,DG_ITV002_Ruby_Response_Router
ITV_012,DG_ITV002_Ruby_Response,2,Ruby,증오,1,0,…….허? 웃기지도 않아. 진심으로 하는 소리야? 난 정의라고 자칭하는 위선자들을 없애버리기 위해 싸우는 거야. 진심으로 하는 말이라면 내가 또 사람을 잘못 봤군.,END
ITV_013,DG_ITV002_Ruby_Response,2,Ruby,경멸,1,-1,"하, 정의? 웃기지 마. 그게 날 이렇게 만들었어.",END
ITV_014,DG_ITV002_Ruby_Response,2,Ruby,경멸,2,-1,나에게 죽여달라고 떼를 쓰는군.,END
ITV_015,DG_ITV002_Ruby_Response,2,Ruby,무관심,1,-1,또 이런 놈들인가.. 그냥 여기서 죽어주면 좋겠네.,END
ITV_016,DG_ITV002_Ruby_Response,2,Ruby,무관심,2,-1,쓰레기 같은 질문을 하네.,END
ITV_017,DG_ITV002_Ruby_Response,2,Ruby,흥미,1,-1,너도.. 똑같았네. 그 녀석들이랑 다를 바 없어.,END
ITV_018,DG_ITV002_Ruby_Response,2,Ruby,흥미,2,-1,정의라.. 그 이름을 달고 하는 짓을 네가 봤어야 하는 건데.,END
ITV_019,DG_ITV002_Ruby_Response,2,Ruby,우호,1,-14,,
ITV_020,DG_ITV002_Ruby_Response,2,Ruby,우호,2,-14,,
ITV_021,DG_ITV003_Ruby_Ask,1,Player,,1,,당신은 그녀의 취미를 알고 싶다고 하였다.,DG_ITV003_Ruby_Response_Router
ITV_022,DG_ITV003_Ruby_Response,2,Ruby,증오,1,0,(압도적인 살기가 주위를 질식시키고 있다.),END
ITV_023,DG_ITV003_Ruby_Response,2,Ruby,경멸,1,1,"너 같은 게 내 취미를 알 수 있을 거라 생각하는 거야? 푸흡, 우습네.",END
ITV_024,DG_ITV003_Ruby_Response,2,Ruby,경멸,2,1,알려주면 나한테 득되는 게 뭔데?,END
ITV_025,DG_ITV003_Ruby_Response,2,Ruby,무관심,1,1,그딴 건 네가 알아서 뭐하게.,END
ITV_026,DG_ITV003_Ruby_Response,2,Ruby,무관심,2,1,취미? 그런 걸로도 기사를 쓸 수 있는거야?,END
ITV_027,DG_ITV003_Ruby_Response,2,Ruby,흥미,1,1,"흥, 궁금하면 맞춰보던가. 틀릴 때마다 진심 펀치 한 대다?",END
ITV_028,DG_ITV003_Ruby_Response,2,Ruby,흥미,2,1,응? 뭐.. 알면 나랑 어울려주게?,END
ITV_029,DG_ITV003_Ruby_Response,2,Ruby,우호,1,0,취.. 취미? 음.. 운동이랑 싸움? 질리는 건 싫어해서. (왠지 모르게 우물쭈물거린다.),END
ITV_030,DG_ITV003_Ruby_Response,2,Ruby,우호,2,0,딱히 없는데? 그나마 운동할 때 기분이 좋긴 해.,END
ITV_031,DG_ITV004_Ruby_Ask,1,Player,,1,,당신은 그녀가 믿음직한 리더가 될 수 있었던 이유에 대해 물었다.,DG_ITV004_Ruby_Response_Router
ITV_032,DG_ITV004_Ruby_Response,2,Ruby,증오,1,0,(압도적인 살기가 주위를 질식시키고 있다.),END
ITV_033,DG_ITV004_Ruby_Response,2,Ruby,경멸,1,1,"하, 당연한 질문을 하네. (뒤에 있는 벽을 부수며) 대답이 됐어?",END
ITV_034,DG_ITV004_Ruby_Response,2,Ruby,경멸,2,1,"왜, 알고 싶어? 한 대 맞아보면 알지 않을까?",END
ITV_035,DG_ITV004_Ruby_Response,2,Ruby,무관심,1,1,그냥 어쩌다보니 됐지.. 뭐.,END
ITV_036,DG_ITV004_Ruby_Response,2,Ruby,무관심,2,1,믿음직..? 도대체 누구 피셜인 건데?,END
ITV_037,DG_ITV004_Ruby_Response,2,Ruby,흥미,1,1,"하, 바보 녀석들이 그냥 따라 붙은 것 뿐이야.",END
ITV_038,DG_ITV004_Ruby_Response,2,Ruby,흥미,2,1,불쌍한 녀석들을 조금 도와준 것 뿐이야.,END
ITV_039,DG_ITV004_Ruby_Response,2,Ruby,우호,1,0,무시받은 녀석들을 거두어준 거지. 흥.. 뭐 그래도 조금은 믿음직스러운 놈들이야.,END
ITV_040,DG_ITV004_Ruby_Response,2,Ruby,우호,2,0,내 밑에서 일해볼래? 그럼 잘 알 수 있지 않아?,END
ITV_041,DG_ITV005_Ruby_Ask,1,Player,,1,,당신은 그녀의 엄청난 근육에 대해 놀라워하며 비법에 대해 물었다.,DG_ITV005_Ruby_Response_Router
ITV_042,DG_ITV005_Ruby_Response,2,Ruby,증오,1,0,(압도적인 살기가 주위를 질식시키고 있다.),END
ITV_043,DG_ITV005_Ruby_Response,2,Ruby,경멸,1,1,애송이들이 늘 묻지. 빠르게 강해지는 법을 말이야.. 이 몸을 하루 아침에 만든 줄 아는 애들은 좀 패주고 싶단 말이지?,END
ITV_044,DG_ITV005_Ruby_Response,2,Ruby,경멸,2,1,비법? 일단 노력하려는 의지부터 보여보던가.,END
ITV_045,DG_ITV005_Ruby_Response,2,Ruby,무관심,1,1,"운동하고, 싸우고, 먹고..자고.. 그게 다야.",END
ITV_046,DG_ITV005_Ruby_Response,2,Ruby,무관심,2,1,비법이란 게 있어? 꾸준히 몸을 움직여주는 것이 최고 아니겠어?,END
ITV_047,DG_ITV005_Ruby_Response,2,Ruby,흥미,1,1,팔굽혀펴기 100번! 윗몸일으키기 100번! 스쿼트 100번! 그리고 달리기 10km! 이것을 매일 한다.,END
ITV_048,DG_ITV005_Ruby_Response,2,Ruby,흥미,2,1,근손실.. 가장 무서운 말이지. 매일 근손실을 줄이는 습관을 들이면 언젠가 멋진 몸을 만들 수 있을거야.,END
ITV_049,DG_ITV005_Ruby_Response,2,Ruby,우호,1,0,"헤, 너도 운동에 관심있는 줄 몰랐네. 주말에 헬스장에 와 봐. 내가 보조해주지.",END
ITV_050,DG_ITV005_Ruby_Response,2,Ruby,우호,2,0,오? 너도 근육에 관심있는거냐? 잘됐네. 내일 아침부터 흑련의 근육 트레이닝 시간에 참석하도록 해. 그럼 비법을 알 수 있을테지.,END
ITV_051,DG_ITV006_Ruby_Ask,1,Player,,1,,당신은 그녀의 효율적인 사건 해결 능력에 대해 의문을 품었다.,DG_ITV006_Ruby_Response_Router
ITV_052,DG_ITV006_Ruby_Response,2,Ruby,증오,1,0,(압도적인 살기가 주위를 질식시키고 있다.),END
ITV_053,DG_ITV006_Ruby_Response,2,Ruby,경멸,1,1,"머리 굴리는 녀석들은 말이 많지, 손은 느려서 답답해. 난 그 반대거든?",END
ITV_054,DG_ITV006_Ruby_Response,2,Ruby,경멸,2,1,빠르고 강력하게. 그게 최고의 방법이더라고.,END
ITV_055,DG_ITV006_Ruby_Response,2,Ruby,무관심,1,1,눈앞에 방해되는 것부터 쳐부숴버리는거지. 쉽잖아?,END
ITV_056,DG_ITV006_Ruby_Response,2,Ruby,무관심,2,1,될 때까지 하면 해결되는 거지. 난 그 속도가 조금 빠른 것 뿐이고.,END
ITV_057,DG_ITV006_Ruby_Response,2,Ruby,흥미,1,1,효율? 불필요한 걸 바로 없애는 것. 그게 효율 아니야?,END
ITV_058,DG_ITV006_Ruby_Response,2,Ruby,흥미,2,1,난 머리보다 손이 먼저 행동해.,END
ITV_059,DG_ITV006_Ruby_Response,2,Ruby,우호,1,0,"흐응, 내가 일처리가 좀 빠르긴 하지.. 너는 좀 놀아주고 싶네?",END
ITV_060,DG_ITV006_Ruby_Response,2,Ruby,우호,2,0,짬바가 얼만데. 이제 잡일은 내 주먹 한 번이면 전부 해결되던데?,END
ITV_061,DG_ITV007_Ruby_Ask,1,Player,,1,,당신은 그녀의 카리스마가 어릴 때부터 타고난 것인지 물었다.,DG_ITV007_Ruby_Response_Router
ITV_062,DG_ITV007_Ruby_Response,2,Ruby,증오,1,0,(압도적인 살기가 주위를 질식시키고 있다.),END
ITV_063,DG_ITV007_Ruby_Response,2,Ruby,경멸,1,-1,"하, 재능이라.. 말이 참 쉬워, 안 그래?",END
ITV_064,DG_ITV007_Ruby_Response,2,Ruby,경멸,2,-1,"어릴 때? 하, 막말은 하지 말지?",END
ITV_065,DG_ITV007_Ruby_Response,2,Ruby,무관심,1,-1,"칫, 짜증나게 하네.",END
ITV_066,DG_ITV007_Ruby_Response,2,Ruby,무관심,2,-1,"허, 뭐야? 칭찬이야 욕이야?",END
ITV_067,DG_ITV007_Ruby_Response,2,Ruby,흥미,1,-1,내 어린 시절을 알고 말하는거야?,END
ITV_068,DG_ITV007_Ruby_Response,2,Ruby,흥미,2,-1,"날 잘 알고 있는 것 같은데, 그러면 그 질문은 무례하다는 거 알지 않아?",END
ITV_069,DG_ITV007_Ruby_Response,2,Ruby,우호,1,-1,솔직히 조금 실망이네. 그 질문은 나를 깎아내리는 질문이야.,END
ITV_070,DG_ITV007_Ruby_Response,2,Ruby,우호,2,-1,어째서 그렇게 생각한 거야? 난.. 내 힘으로 성장해왔단 말이야.,END
ITV_071,DG_ITV008_Ruby_Ask,1,Player,,1,,당신은 그녀 근처의 사람들은 지금 그녀의 모습을 어떻게 생각할 것 같냐고 물었다.,DG_ITV008_Ruby_Response_Router
ITV_072,DG_ITV008_Ruby_Response,2,Ruby,증오,1,0,(압도적인 살기가 주위를 질식시키고 있다.),END
ITV_073,DG_ITV008_Ruby_Response,2,Ruby,경멸,1,-1,기레기 새끼가 뭘 안다고 나불거려!!,END
ITV_074,DG_ITV008_Ruby_Response,2,Ruby,경멸,2,-1,닥쳐! 네 까짓 게 그런 질문을 할 자격은 없어!!,END
ITV_075,DG_ITV008_Ruby_Response,2,Ruby,무관심,1,-1,네가 뭘 안다고 근처 사람들을 들먹거리는 거지?,END
ITV_076,DG_ITV008_Ruby_Response,2,Ruby,무관심,2,-1,너 나랑 친해? 근데 그런 질문을 왜 하는 거야? 신경 꺼.,END
ITV_077,DG_ITV008_Ruby_Response,2,Ruby,흥미,1,-1,왜 그런 걸 신경쓰는 걸까? 난 주변 사람들 시선 같은 건 예전부터 관심 없었어.,END
ITV_078,DG_ITV008_Ruby_Response,2,Ruby,흥미,2,-1,내 근처 사람이 누가 있는 줄 알고 말하는 건데?,END
ITV_079,DG_ITV008_Ruby_Response,2,Ruby,우호,1,-1,솔직히 신경 꺼줬으면 좋겠네.,END
ITV_080,DG_ITV008_Ruby_Response,2,Ruby,우호,2,-1,조금 친해졌다고 우쭐대지 마.,END
ITV_081,DG_ITV009_Ruby_Ask,1,Player,,1,,당신은 그녀의 과거사에 대해 의문을 품었다.,DG_ITV009_Ruby_Response_Router
ITV_082,DG_ITV009_Ruby_Response,2,Ruby,증오,1,0,(압도적인 살기가 주위를 질식시키고 있다.),END
ITV_083,DG_ITV009_Ruby_Response,2,Ruby,경멸,1,-1,닥쳐!!! 니가 알 권리는 없어! 네 무덤은 이 곳에 파주겠어!!!,END
ITV_084,DG_ITV009_Ruby_Response,2,Ruby,경멸,2,-1,그만… 그만!! 너… 오늘 살아서 돌아갈 생각은 하지마.,END
ITV_085,DG_ITV009_Ruby_Response,2,Ruby,무관심,1,-1,"네가 알아서 뭐하게? 왜, 내 과거를 비웃음 거리로 만들게?",END
ITV_086,DG_ITV009_Ruby_Response,2,Ruby,무관심,2,-1,알려고 하지마. 더 알고 싶다고 말하면 패버리겠어.,END
ITV_087,DG_ITV009_Ruby_Response,2,Ruby,흥미,1,-1,알지 않는 게 좋을텐데? 나한테 좋지 않은 기억 밖에 없어.,END
ITV_088,DG_ITV009_Ruby_Response,2,Ruby,흥미,2,-1,내 과거를 기사에 올리면 나한테 좋은 게 뭔데?,END
ITV_089,DG_ITV009_Ruby_Response,2,Ruby,우호,1,-1,"인생에서 몇 번은, 눈 감고 지나가야 할 때가 있어.",END
ITV_090,DG_ITV009_Ruby_Response,2,Ruby,우호,2,-1,왜 그런 걸 알려고 하는 거지? 난 최악의 과거를 살았어. 알았으면 그만하는 게 좋을 거야.,END
ITV_091,DG_ITV010_Ruby_Ask,1,Player,,1,,당신은 루넬이 어떤 사람이었는지에 대해 물었다.,DG_ITV010_Ruby_Response_Router
ITV_092,DG_ITV010_Ruby_Response,2,Ruby,증오,1,0,(압도적인 살기가 주위를 질식시키고 있다.),END
ITV_093,DG_ITV010_Ruby_Response,2,Ruby,경멸,1,-2,너도 그 녀석들과 똑같아.. 곱게 죽어라.,END
ITV_094,DG_ITV010_Ruby_Response,2,Ruby,경멸,2,-2,너 같은 잔챙이는 알 자격 없어!!,END
ITV_095,DG_ITV010_Ruby_Response,2,Ruby,무관심,1,-2,네가 그 이름을 어떻게 아는 거지?,END
ITV_096,DG_ITV010_Ruby_Response,2,Ruby,무관심,2,-2,"하, 어떻게 캐낸 건지는 모르겠지만, 알고 싶으면 날 쓰러뜨리고 알아내.",END
ITV_097,DG_ITV010_Ruby_Response,2,Ruby,흥미,1,-2,그녀에 대해 어떻게 알고 있는거지..? 예전에 그녀에 대해 알고 있었어?,END
ITV_098,DG_ITV010_Ruby_Response,2,Ruby,흥미,2,-2,루넬.. 그 때 나는.. 너무 약했어.,END
ITV_099,DG_ITV010_Ruby_Response,2,Ruby,우호,1,0,"대단한 정보력이네. 루넬이라, 그녀는 내 생명의 은인이었어. 지금의 흑련도 그녀가 있었기에 존재하는 거지.",END
ITV_100,DG_ITV010_Ruby_Response,2,Ruby,우호,2,0,루넬?.. 그리운 이름이네. 내 삶의 전환점이라고 하면 알아듣겠어?,END
ITV_101,DG_ITV011_Ruby_Ask,1,Player,,1,,당신은 그녀에게 흑련의 조직 방침에 대해 물었다.,DG_ITV011_Ruby_Response_Router
ITV_102,DG_ITV011_Ruby_Response,2,Ruby,증오,1,0,(압도적인 살기가 주위를 질식시키고 있다.),END
ITV_103,DG_ITV011_Ruby_Response,2,Ruby,경멸,1,-2,너 같은 게 알 수 있는 게 아니야.,END
ITV_104,DG_ITV011_Ruby_Response,2,Ruby,경멸,2,-2,넌 질문마다 최악의 선택을 하는군. 기자로서의 자질은 별로 없나봐?,END
ITV_105,DG_ITV011_Ruby_Response,2,Ruby,무관심,1,-2,"너도 여기에 들어오기라도 하려고? 하, 웃기지 마.",END
ITV_106,DG_ITV011_Ruby_Response,2,Ruby,무관심,2,-2,하? 너 따위한테 왜 알려줘야 하는데?,END
ITV_107,DG_ITV011_Ruby_Response,2,Ruby,흥미,1,-2,우리? 흠.. 너한테는 알려주기 싫은데?,END
ITV_108,DG_ITV011_Ruby_Response,2,Ruby,흥미,2,-2,미안한데.. 조직원 외 사람한테 누설되는 건 꺼려지거든.,END
ITV_109,DG_ITV011_Ruby_Response,2,Ruby,우호,1,0,"하나, 인간임을 포기하지 않기. 둘, 배신하지 않기. 두 개가 다야. 어때, 조금은 괜찮지 않아?",END
ITV_110,DG_ITV011_Ruby_Response,2,Ruby,우호,2,0,"배신자에겐 죽음 뿐. 음, 진짜 죽긴 해.",END
ITV_111,DG_ITV012_Ruby_Ask,1,Player,,1,,당신은 하루 만에 조직을 없앨 정도로 강해지려면 어떻게 해야 하는 지 물었다.,DG_ITV012_Ruby_Response_Router
ITV_112,DG_ITV012_Ruby_Response,2,Ruby,증오,1,0,(압도적인 살기가 주위를 질식시키고 있다.),END
ITV_113,DG_ITV012_Ruby_Response,2,Ruby,경멸,1,2,"하, 또 어디서 들은 얘기인 지 모르겠네.",END
ITV_114,DG_ITV012_Ruby_Response,2,Ruby,경멸,2,2,난 쓰레기들을 청소한 것 뿐이야.,END
ITV_115,DG_ITV012_Ruby_Response,2,Ruby,무관심,1,2,사람부터 죽여보던가. 넌 일단 못 하겠네.,END
ITV_116,DG_ITV012_Ruby_Response,2,Ruby,무관심,2,2,굳이 너한테 그걸 알려줘야 할까? 딱 봐도 넌 힘이 없어 보이는데.,END
ITV_117,DG_ITV012_Ruby_Response,2,Ruby,흥미,1,2,"무기 다루는 법부터 배워, …. 카메라는 무기가 아니야.",END
ITV_118,DG_ITV012_Ruby_Response,2,Ruby,흥미,2,2,부정적인 것들이 쌓이고 쌓였더니.. 어느새 없어져 있더라고.,END
ITV_119,DG_ITV012_Ruby_Response,2,Ruby,우호,1,0,전문가에게 배우는 것이 최고의 방법이지. 나도 그랬어.,END
ITV_120,DG_ITV012_Ruby_Response,2,Ruby,우호,2,0,일단 배우고자 하는 의지가 있어야겠지? 그럼 너는 합격이겠네.,END
ITV_121,DG_ITV013_Ruby_Ask,1,Player,,1,,당신은 그녀에게 당신의 외모를 어필했다.,DG_ITV013_Ruby_Response_Router
ITV_122,DG_ITV013_Ruby_Response,2,Ruby,증오,1,0,(압도적인 살기가 주위를 질식시키고 있다.),END
ITV_123,DG_ITV013_Ruby_Response,2,Ruby,경멸,1,-2,"미안한데.. 음, 영 아니네.",END
ITV_124,DG_ITV013_Ruby_Response,2,Ruby,경멸,2,-2,음.. 14점?,END
ITV_125,DG_ITV013_Ruby_Response,2,Ruby,무관심,1,-2,"하, 무례하네.",END
ITV_126,DG_ITV013_Ruby_Response,2,Ruby,무관심,2,-2,"푸흡, 뭐하자는 거야?",END
ITV_127,DG_ITV013_Ruby_Response,2,Ruby,흥미,1,-2,"아… 솔직히, 그냥 그래.",END
ITV_128,DG_ITV013_Ruby_Response,2,Ruby,흥미,2,-2,너 평소에도 그러고 다녀?,END
ITV_129,DG_ITV013_Ruby_Response,2,Ruby,우호,1,0,외모는 평범하달까… 싫은건 아닌 정도네.,END
ITV_130,DG_ITV013_Ruby_Response,2,Ruby,우호,2,0,너 정도면 나쁘지 않을지도?,END
ITV_131,DG_ITV014_Ruby_Ask,1,Player,,1,,당신은 그녀에게 순정 만화를 좋아하냐고 물었다.,DG_ITV014_Ruby_Response_Router
ITV_132,DG_ITV014_Ruby_Response,2,Ruby,증오,1,0,(압도적인 살기가 주위를 질식시키고 있다.),END
ITV_133,DG_ITV014_Ruby_Response,2,Ruby,경멸,1,2,쯧..! 이 상황에서 그런 질문을 잘도 하는군. 나한테 그렇게 죽고싶은 거냐?,END
ITV_134,DG_ITV014_Ruby_Response,2,Ruby,경멸,2,2,다..닥쳐!! 이런 곳에서 그딴 질문을 하다니! 죽여주마!!,END
ITV_135,DG_ITV014_Ruby_Response,2,Ruby,무관심,1,2,어.. 어떻게 알…..! 이 아니라! 그런 거 몰라! 관심 없으니까 조용히 해!!,END
ITV_136,DG_ITV014_Ruby_Response,2,Ruby,무관심,2,2,그..그런 거 몰라! 어떤 놈이 알려준 정보야?,END
ITV_137,DG_ITV014_Ruby_Response,2,Ruby,흥미,1,2,(흠칫) ㅇ..응? 난.. 잘 모르겠네~,END
ITV_138,DG_ITV014_Ruby_Response,2,Ruby,흥미,2,2,!!!… 아니! 난 운동을 해야해서..! 그런 거 읽을 시간이.. 하하하!,END
ITV_139,DG_ITV014_Ruby_Response,2,Ruby,우호,1,0,ㄴ..너도 좋아해?,END
ITV_140,DG_ITV014_Ruby_Response,2,Ruby,우호,2,0,딱히 좋아하는 건 아니지만!!….. 그래도 재미있다고 생각해..,END
ITV_141,DG_ITV015_Ruby_Ask,1,Player,,1,,당신은 그녀에게 자신과 연애를 할 생각이 있는 지에 대해 물었다.,DG_ITV015_Ruby_Response_Router
ITV_142,DG_ITV015_Ruby_Response,2,Ruby,증오,1,0,(압도적인 살기가 주위를 질식시키고 있다.),END
ITV_143,DG_ITV015_Ruby_Response,2,Ruby,경멸,1,2,"하, 지금 그게 중요한 게 아니지 않아?",END
ITV_144,DG_ITV015_Ruby_Response,2,Ruby,경멸,2,2,…지금은 네 목숨을 걱정해야 하는 타이밍 아니야?,END
ITV_145,DG_ITV015_Ruby_Response,2,Ruby,무관심,1,2,여..연!? 그런 파렴치한 말을 어떻게 입 밖으로 꺼낼 수 있는 거지!?,END
ITV_146,DG_ITV015_Ruby_Response,2,Ruby,무관심,2,2,"그.. 그런거 관심없어!! 갑자기 그런 질문을 하다니, 예의도 없는거냐 넌!",END
ITV_147,DG_ITV015_Ruby_Response,2,Ruby,흥미,1,2,으..응?? 갑자기 왜 그런 걸 나한테…. 헉!! (황급히 얼굴을 가린다),END
ITV_148,DG_ITV015_Ruby_Response,2,Ruby,흥미,2,2,나..나한테 관심있는거야?,END
ITV_149,DG_ITV015_Ruby_Response,2,Ruby,우호,1,0,무무무무무무무슨 말을 하는거야! 이런 장소에서 그런 걸 어떻게 답해!,END
ITV_150,DG_ITV015_Ruby_Response,2,Ruby,우호,2,0,너.. ㄴ..날 그렇게 생각한거냐..!! (작은 목소리) 벼..별로 싫은 건 아니지만…,END
ITV_151,DG_ITV016_Ruby_Ask,1,Player,,1,,당신은 이 주제에 대한 인터뷰를 모두 마쳤다.,DG_ITV016_Ruby_Response_Router
ITV_152,DG_ITV016_Ruby_Response,2,Ruby,증오,1,0,(압도적인 살기가 주위를 질식시키고 있다.),END
ITV_153,DG_ITV016_Ruby_Response,2,Ruby,경멸,1,0,끝났냐? 이제 꺼져. 너랑 더 이상 낭비할 시간 같은 건 없어.,END
ITV_154,DG_ITV016_Ruby_Response,2,Ruby,무관심,1,0,슬슬 질리네. 더 묻고 싶은 건 없는거야?,END
ITV_155,DG_ITV016_Ruby_Response,2,Ruby,흥미,1,0,생각보다 오래 버티네. 그럼 한 대 더 버텨보던가!,END
ITV_156,DG_ITV016_Ruby_Response,2,Ruby,우호,1,0,"..뭐, 네 의지는 잘 봤어. 넌 확실히 재밌는 놈이야.",END
ITV_157,DG_ITV001_DustyVeil_Ask,1,Player,,1,,당신은 그녀가 쓰고 있는 자루에 대해 물어봤다.,DG_ITV001_DustyVeil_Response_Router
ITV_158,DG_ITV001_DustyVeil_Response,2,DustyVeil,증오,1,0,(무서운 눈빛으로 노려보고 있다.),END
ITV_159,DG_ITV001_DustyVeil_Response,2,DustyVeil,경멸,1,1,그걸 네가 알 필요 있어?,END
ITV_160,DG_ITV001_DustyVeil_Response,2,DustyVeil,경멸,2,1,굳이 알려줘야 할까?,END
ITV_161,DG_ITV001_DustyVeil_Response,2,DustyVeil,무관심,1,1,알려주기 싫은데? 궁금해?,END
ITV_162,DG_ITV001_DustyVeil_Response,2,DustyVeil,무관심,2,1,그냥 쓰는 거야. 이유는 없어.,END
ITV_163,DG_ITV001_DustyVeil_Response,2,DustyVeil,흥미,1,1,글쎄? 알고 싶어?,END
ITV_164,DG_ITV001_DustyVeil_Response,2,DustyVeil,흥미,2,1,궁금해? 후후…,END
ITV_165,DG_ITV001_DustyVeil_Response,2,DustyVeil,우호,1,0,"내 전부이자, 나의 모든 것이지.",END
ITV_166,DG_ITV001_DustyVeil_Response,2,DustyVeil,우호,2,0,나를 이루는 모든 것. 이게 없으면 나도 없는 거야.,END
ITV_167,DG_ITV002_DustyVeil_Ask,1,Player,,1,,당신은 그녀가 들고 있는 피 묻은 단검을 보고 몸을 떨었다.,DG_ITV002_DustyVeil_Response_Router
ITV_168,DG_ITV002_DustyVeil_Response,2,DustyVeil,증오,1,0,(무서운 눈빛으로 노려보고 있다.),END
ITV_169,DG_ITV002_DustyVeil_Response,2,DustyVeil,경멸,1,1,…귀엽네.,END
ITV_170,DG_ITV002_DustyVeil_Response,2,DustyVeil,경멸,2,1,그렇게 떠니까 마음 약해지잖아.,END
ITV_171,DG_ITV002_DustyVeil_Response,2,DustyVeil,무관심,1,1,뭐야? 이게 무서운 거야?,END
ITV_172,DG_ITV002_DustyVeil_Response,2,DustyVeil,무관심,2,1,이 정도에 놀라면 안 될텐데?,END
ITV_173,DG_ITV002_DustyVeil_Response,2,DustyVeil,흥미,1,1,귀엽네. 작은 동물 같아.,END
ITV_174,DG_ITV002_DustyVeil_Response,2,DustyVeil,흥미,2,1,"후후, 그런 모습 계속 보여줘.",END
ITV_175,DG_ITV002_DustyVeil_Response,2,DustyVeil,우호,1,0,그런 모습을 보여줘도 놔줄 수는 없는데…♡,END
ITV_176,DG_ITV002_DustyVeil_Response,2,DustyVeil,우호,2,0,"지금 그 모습, 너무 사랑스러워.",END
ITV_177,DG_ITV003_DustyVeil_Ask,1,Player,,1,,당신은 그녀가 좋아하는 것이 무엇인지 물어봤다.,DG_ITV003_DustyVeil_Response_Router
ITV_178,DG_ITV003_DustyVeil_Response,2,DustyVeil,증오,1,0,(무서운 눈빛으로 노려보고 있다.),END
ITV_179,DG_ITV003_DustyVeil_Response,2,DustyVeil,경멸,1,1,"…처절하게 울부짖는 소리, 그리고 피.",END
ITV_180,DG_ITV003_DustyVeil_Response,2,DustyVeil,경멸,2,1,"빌런이 죽어가는 장면과, 흐르는 피.",END
ITV_181,DG_ITV003_DustyVeil_Response,2,DustyVeil,무관심,1,1,네가 흘리는 피.,END
ITV_182,DG_ITV003_DustyVeil_Response,2,DustyVeil,무관심,2,1,그렇게 겁먹은 모습.,END
ITV_183,DG_ITV003_DustyVeil_Response,2,DustyVeil,흥미,1,1,피와 비명 소리. 사람들이 왜 싫어하는지 모르겠다니까?,END
ITV_184,DG_ITV003_DustyVeil_Response,2,DustyVeil,흥미,2,1,"피를 만질 때, 삶을 실감해.",END
ITV_185,DG_ITV003_DustyVeil_Response,2,DustyVeil,우호,1,0,너의 모든 것. 후후… 언젠간 너로도 이 즐거움을 함께 느낄 수 있겠지?,END
ITV_186,DG_ITV003_DustyVeil_Response,2,DustyVeil,우호,2,0,너와 함께 하는 게 좋아. 이리로 올래?,END
ITV_187,DG_ITV004_DustyVeil_Ask,1,Player,,1,,당신은 그녀에게 그런 낡은 칼로는 종이도 못 자를 것 같다고 말했다.,DG_ITV004_DustyVeil_Response_Router
ITV_188,DG_ITV004_DustyVeil_Response,2,DustyVeil,증오,1,0,(무서운 눈빛으로 노려보고 있다.),END
ITV_189,DG_ITV004_DustyVeil_Response,2,DustyVeil,경멸,1,-1,"제정신이 아닌가 보네. 뭐, 곧 죽을 건데 무슨 상관이겠어?",END
ITV_190,DG_ITV004_DustyVeil_Response,2,DustyVeil,경멸,2,-1,"뭐, 곧 체험해보면 알게 될거야.",END
ITV_191,DG_ITV004_DustyVeil_Response,2,DustyVeil,무관심,1,-1,그래 보여? 한번 네 몸으로 실험해볼까?,END
ITV_192,DG_ITV004_DustyVeil_Response,2,DustyVeil,무관심,2,-1,이래 보여도 엄청 잘 드는데?,END
ITV_193,DG_ITV004_DustyVeil_Response,2,DustyVeil,흥미,1,-1,흠… 지금까지는 뭐든 잘 잘렸는데? 알고 싶어?,END
ITV_194,DG_ITV004_DustyVeil_Response,2,DustyVeil,흥미,2,-1,말은 그렇게 해도… 궁금한거지?,END
ITV_195,DG_ITV004_DustyVeil_Response,2,DustyVeil,우호,1,-1,그러면 새로운 칼을 살까? 그리고 너에게 한 번 써보는 거지. 후후. 농담이야.,END
ITV_196,DG_ITV004_DustyVeil_Response,2,DustyVeil,우호,2,-1,걱정 마. 이건 완벽한 칼이니까. 너에게도 충분할거야. 후후.,END
ITV_197,DG_ITV005_DustyVeil_Ask,1,Player,,1,,당신은 그녀에게 죽은 사람들은 어떤 생각을 하고 있을지 상상해본 적 있냐고 물어봤다.,DG_ITV005_DustyVeil_Response_Router
ITV_198,DG_ITV005_DustyVeil_Response,2,DustyVeil,증오,1,0,(무서운 눈빛으로 노려보고 있다.),END
ITV_199,DG_ITV005_DustyVeil_Response,2,DustyVeil,경멸,1,-1,별로 궁금하지도 않은데. 시체들이 무슨 말을 하겠어?,END
ITV_200,DG_ITV005_DustyVeil_Response,2,DustyVeil,경멸,2,-1,네가 그렇게 되면 알겠지. 안 그래?,END
ITV_201,DG_ITV005_DustyVeil_Response,2,DustyVeil,무관심,1,-1,그런 걸 물어보는 이유를 모르겠네. 직접 체험해볼 생각이야?,END
ITV_202,DG_ITV005_DustyVeil_Response,2,DustyVeil,무관심,2,-1,무의미한 상상은 시간 낭비야.,END
ITV_203,DG_ITV005_DustyVeil_Response,2,DustyVeil,흥미,1,-1,굳이 이런 말을 한다는 건… 각오는 된거지?,END
ITV_204,DG_ITV005_DustyVeil_Response,2,DustyVeil,흥미,2,-1,혹시… 죽길 바라는 거야? 소원을 들어줄게.,END
ITV_205,DG_ITV005_DustyVeil_Response,2,DustyVeil,우호,1,-1,"큰 감흥은 없는데, 그 말도 마음에 안 들고",END
ITV_206,DG_ITV005_DustyVeil_Response,2,DustyVeil,우호,2,-1,그런 질문을 듣고 나니 조금 속상한데.,END
ITV_207,DG_ITV006_DustyVeil_Ask,1,Player,,1,,당신은 그녀가 정말 끔찍한 빌런인 것 같다고 말했다.,DG_ITV006_DustyVeil_Response_Router
ITV_208,DG_ITV006_DustyVeil_Response,2,DustyVeil,증오,1,0,(충격받은 눈빛에 증오가 담기기 시작한다.),END
ITV_209,DG_ITV006_DustyVeil_Response,2,DustyVeil,경멸,1,-1,알면서 그렇게 말하는 거야? 좋아. 원하는 대로 죽여줄게.,END
ITV_210,DG_ITV006_DustyVeil_Response,2,DustyVeil,경멸,2,-1,내 앞에서 그런 말을 하다니. 용감하구나?,END
ITV_211,DG_ITV006_DustyVeil_Response,2,DustyVeil,무관심,1,-1,"하나 알려주자면, 내 앞에서 그렇게 말한 사람들은 모두 죽었어.",END
ITV_212,DG_ITV006_DustyVeil_Response,2,DustyVeil,무관심,2,-1,그게 유언이야? 싱겁네.,END
ITV_213,DG_ITV006_DustyVeil_Response,2,DustyVeil,흥미,1,-1,당연한 말 하지마. 나에 대한 이야기엔 별 관심 없어.,END
ITV_214,DG_ITV006_DustyVeil_Response,2,DustyVeil,흥미,2,-1,네가 날 어떻게 보든 신경 안 써.,END
ITV_215,DG_ITV006_DustyVeil_Response,2,DustyVeil,우호,1,-14,,
ITV_216,DG_ITV006_DustyVeil_Response,2,DustyVeil,우호,2,-14,,
ITV_217,DG_ITV007_DustyVeil_Ask,1,Player,,1,,당신은 그녀의 수배서 사진을 보고 감탄했다.,DG_ITV007_DustyVeil_Response_Router
ITV_218,DG_ITV007_DustyVeil_Response,2,DustyVeil,증오,1,0,(무서운 눈빛으로 노려보고 있다.),END
ITV_219,DG_ITV007_DustyVeil_Response,2,DustyVeil,경멸,1,1,너한테 해줄 말은 없어.,END
ITV_220,DG_ITV007_DustyVeil_Response,2,DustyVeil,경멸,2,1,제정신도 아닌가 보네.,END
ITV_221,DG_ITV007_DustyVeil_Response,2,DustyVeil,무관심,1,1,미쳤어?,END
ITV_222,DG_ITV007_DustyVeil_Response,2,DustyVeil,무관심,2,1,대체 무슨 의미야?,END
ITV_223,DG_ITV007_DustyVeil_Response,2,DustyVeil,흥미,1,1,…그게 아직도 남아있어?,END
ITV_224,DG_ITV007_DustyVeil_Response,2,DustyVeil,흥미,2,1,그렇게 오래 된 사진이 남아있는 거야?,END
ITV_225,DG_ITV007_DustyVeil_Response,2,DustyVeil,우호,1,0,"그건 오래된 사진인데… 지금은 어떨 지 궁금하지 않아? 뭐, 보여주진 않을 거지만.",END
ITV_226,DG_ITV007_DustyVeil_Response,2,DustyVeil,우호,2,0,"어리고, 미숙한 모습이네… 부끄럽게도.",END
ITV_227,DG_ITV008_DustyVeil_Ask,1,Player,,1,,나는 그녀에게 그녀가 상처 입혔던 히어로를 기억하냐고 물었다.,DG_ITV008_DustyVeil_Response_Router
ITV_228,DG_ITV008_DustyVeil_Response,2,DustyVeil,증오,1,0,(무서운 눈빛으로 노려보고 있다.),END
ITV_229,DG_ITV008_DustyVeil_Response,2,DustyVeil,경멸,1,-1,네가 그거랑 무슨 상관이 있지?,END
ITV_230,DG_ITV008_DustyVeil_Response,2,DustyVeil,경멸,2,-1,너한테 말할 이유는 없는 것 같은데?,END
ITV_231,DG_ITV008_DustyVeil_Response,2,DustyVeil,무관심,1,-1,…아니.,END
ITV_232,DG_ITV008_DustyVeil_Response,2,DustyVeil,무관심,2,-1,…기억 안나.,END
ITV_233,DG_ITV008_DustyVeil_Response,2,DustyVeil,흥미,1,-1,"기억은 하지만, 좋은 기억은 아닌데?",END
ITV_234,DG_ITV008_DustyVeil_Response,2,DustyVeil,흥미,2,-1,"잊으려고 해도, 자꾸 떠올라.",END
ITV_235,DG_ITV008_DustyVeil_Response,2,DustyVeil,우호,1,0,딱 한번만 봐줄게. 다음은 없어.,END
ITV_236,DG_ITV008_DustyVeil_Response,2,DustyVeil,우호,2,0,더 이상 말하지 마. 이건 경고야.,END
ITV_237,DG_ITV009_DustyVeil_Ask,1,Player,,1,,당신은 그녀가 외로워 보인다고 말하며 지금 기분이 어떤지 물어봤다.,DG_ITV009_DustyVeil_Response_Router
ITV_238,DG_ITV009_DustyVeil_Response,2,DustyVeil,증오,1,0,(무서운 눈빛으로 노려보고 있다.),END
ITV_239,DG_ITV009_DustyVeil_Response,2,DustyVeil,경멸,1,-1,너한테 해줄 말은 없어.,END
ITV_240,DG_ITV009_DustyVeil_Response,2,DustyVeil,경멸,2,-1,네가 신경 쓸 바 아니야.,END
ITV_241,DG_ITV009_DustyVeil_Response,2,DustyVeil,무관심,1,-1,그런 걸 왜 물어보는 거야?,END
ITV_242,DG_ITV009_DustyVeil_Response,2,DustyVeil,무관심,2,-1,그딴 말 듣는 게 기분이 더 더러워지는데.,END
ITV_243,DG_ITV009_DustyVeil_Response,2,DustyVeil,흥미,1,-1,"내 기분? 뭐, 알 필요 있어?",END
ITV_244,DG_ITV009_DustyVeil_Response,2,DustyVeil,흥미,2,-1,정말로 궁금해서 묻는거야?,END
ITV_245,DG_ITV009_DustyVeil_Response,2,DustyVeil,우호,1,0,예전엔 그랬지만… 이젠 괜찮아. (나를 보며 얼굴을 붉힌다.),END
ITV_246,DG_ITV009_DustyVeil_Response,2,DustyVeil,우호,2,0,"엄청 외롭지만, 네가 있으니까…♡",END
ITV_247,DG_ITV010_DustyVeil_Ask,1,Player,,1,,나는 그녀에게 그녀가 살려준 소녀가 생각나는지 물었다.,DG_ITV010_DustyVeil_Response_Router
ITV_248,DG_ITV010_DustyVeil_Response,2,DustyVeil,증오,1,0,(무서운 눈빛으로 노려보고 있다.),END
ITV_249,DG_ITV010_DustyVeil_Response,2,DustyVeil,경멸,1,2,그 애는… 사냥을 위한 미끼였을 뿐이야.,END
ITV_250,DG_ITV010_DustyVeil_Response,2,DustyVeil,경멸,2,2,아무 뜻 없이 한 일이야. 신경 꺼.,END
ITV_251,DG_ITV010_DustyVeil_Response,2,DustyVeil,무관심,1,2,이미 지나간 일이야. 관심 꺼.,END
ITV_252,DG_ITV010_DustyVeil_Response,2,DustyVeil,무관심,2,2,관심 갖지 마.,END
ITV_253,DG_ITV010_DustyVeil_Response,2,DustyVeil,흥미,1,2,"그래, 생각나. 왜 그랬는지는 잘 모르겠지만.",END
ITV_254,DG_ITV010_DustyVeil_Response,2,DustyVeil,흥미,2,2,"글쎄. 평소였다면 그러지 않았을 텐데, 잘 모르겠네.",END
ITV_255,DG_ITV010_DustyVeil_Response,2,DustyVeil,우호,1,0,그 애를 본 거야? 잘 살고 있어?,END
ITV_256,DG_ITV010_DustyVeil_Response,2,DustyVeil,우호,2,0,(그녀의 눈에서 안도하는 것이 느껴졌다.),END
ITV_257,DG_ITV011_DustyVeil_Ask,1,Player,,1,,나는 그녀에게 빌런의 기준을 스스로 판단하는 것이 옳은가 대해 물었다.,DG_ITV011_DustyVeil_Response_Router
ITV_258,DG_ITV011_DustyVeil_Response,2,DustyVeil,증오,1,0,(무서운 눈빛으로 노려보고 있다.),END
ITV_259,DG_ITV011_DustyVeil_Response,2,DustyVeil,경멸,1,-2,건방지게… 네가 나에 대해 뭘 안다고…!,END
ITV_260,DG_ITV011_DustyVeil_Response,2,DustyVeil,경멸,2,-2,"그런 걸 말하는 건, 너는 그 기준을 알고 있는 건가?",END
ITV_261,DG_ITV011_DustyVeil_Response,2,DustyVeil,무관심,1,-2,여기의 기준은 나야.,END
ITV_262,DG_ITV011_DustyVeil_Response,2,DustyVeil,무관심,2,-2,누군가는 정하는 거야. 여기서는 그게 나일 뿐이지.,END
ITV_263,DG_ITV011_DustyVeil_Response,2,DustyVeil,흥미,1,-2,그러면? 누가 판단하는 게 옳은 거야?,END
ITV_264,DG_ITV011_DustyVeil_Response,2,DustyVeil,흥미,2,-2,넌 나보다 더 나은 선택을 할 수 있다는 거야?,END
ITV_265,DG_ITV011_DustyVeil_Response,2,DustyVeil,우호,1,0,히어로와 빌런 결국 누군가에 의해 정해지는 거야.,END
ITV_266,DG_ITV011_DustyVeil_Response,2,DustyVeil,우호,2,0,사람을 해치는 게 빌런이 아니면 뭐야? 내 생각은 바뀌지 않아.,END
ITV_267,DG_ITV012_DustyVeil_Ask,1,Player,,1,,나는 그녀에게 그녀의 진짜 모습은 무엇인지 물었다.,DG_ITV012_DustyVeil_Response_Router
ITV_268,DG_ITV012_DustyVeil_Response,2,DustyVeil,증오,1,0,(무서운 눈빛으로 노려보고 있다.),END
ITV_269,DG_ITV012_DustyVeil_Response,2,DustyVeil,경멸,1,-2,건방지게… 네가 나에 대해 뭘 안다고…!,END
ITV_270,DG_ITV012_DustyVeil_Response,2,DustyVeil,경멸,2,-2,"그딴 질문, 짜증나니까 하지마.",END
ITV_271,DG_ITV012_DustyVeil_Response,2,DustyVeil,무관심,1,-2,그걸 네가 왜 궁금해 하지?,END
ITV_272,DG_ITV012_DustyVeil_Response,2,DustyVeil,무관심,2,-2,내…내 진짜 모습은…,END
ITV_273,DG_ITV012_DustyVeil_Response,2,DustyVeil,흥미,1,-2,이게 내 모습이야. 왜? 역겨워?,END
ITV_274,DG_ITV012_DustyVeil_Response,2,DustyVeil,흥미,2,-2,"이게 나고, 난 이미 받아들였어. 문제 있어?",END
ITV_275,DG_ITV012_DustyVeil_Response,2,DustyVeil,우호,1,-2,나도… 잘 모르겠어. 진짜 나는 뭐지?,END
ITV_276,DG_ITV012_DustyVeil_Response,2,DustyVeil,우호,2,-2,진짜 나는 도대체… 뭐지…?,END
ITV_277,DG_ITV013_DustyVeil_Ask,1,Player,,1,,나는 그녀를 향해 한껏 느끼한 표정을 지으며 윙크 했다.,DG_ITV013_DustyVeil_Response_Router
ITV_278,DG_ITV013_DustyVeil_Response,2,DustyVeil,증오,1,0,(무서운 눈빛으로 노려보고 있다.),END
ITV_279,DG_ITV013_DustyVeil_Response,2,DustyVeil,경멸,1,2,…역겨워.,END
ITV_280,DG_ITV013_DustyVeil_Response,2,DustyVeil,경멸,2,2,그건… 으으…,END
ITV_281,DG_ITV013_DustyVeil_Response,2,DustyVeil,무관심,1,2,무슨 뜻이야?,END
ITV_282,DG_ITV013_DustyVeil_Response,2,DustyVeil,무관심,2,2,그런 표정도 지을 줄 알아?,END
ITV_283,DG_ITV013_DustyVeil_Response,2,DustyVeil,흥미,1,2,음… 한 번 더 해줄래?,END
ITV_284,DG_ITV013_DustyVeil_Response,2,DustyVeil,흥미,2,2,후후 이상한 표정이네.,END
ITV_285,DG_ITV013_DustyVeil_Response,2,DustyVeil,우호,1,0,역시… 어떤 표정이어도 좋아…♡,END
ITV_286,DG_ITV013_DustyVeil_Response,2,DustyVeil,우호,2,0,그렇게 보니까 좀 부끄럽네.,END
ITV_287,DG_ITV014_DustyVeil_Ask,1,Player,,1,,나는 그녀에게 우리가 함께할 미래에 대해 말했다.,DG_ITV014_DustyVeil_Response_Router
ITV_288,DG_ITV014_DustyVeil_Response,2,DustyVeil,증오,1,0,(무서운 눈빛으로 노려보고 있다.),END
ITV_289,DG_ITV014_DustyVeil_Response,2,DustyVeil,경멸,1,2,뭔 헛소리를 하는 건지…,END
ITV_290,DG_ITV014_DustyVeil_Response,2,DustyVeil,경멸,2,2,망상도 적당히 해.,END
ITV_291,DG_ITV014_DustyVeil_Response,2,DustyVeil,무관심,1,2,그런 소리를 하다니…!,END
ITV_292,DG_ITV014_DustyVeil_Response,2,DustyVeil,무관심,2,2,대체 무슨 생각을 하고 사는 거야…!,END
ITV_293,DG_ITV014_DustyVeil_Response,2,DustyVeil,흥미,1,2,버…벌써 거기까지…?,END
ITV_294,DG_ITV014_DustyVeil_Response,2,DustyVeil,흥미,2,2,미래 계획이 참… 확실하구나…?,END
ITV_295,DG_ITV014_DustyVeil_Response,2,DustyVeil,우호,1,0,그렇게까지 생각해주고 있는 거구나? 기뻐♡,END
ITV_296,DG_ITV014_DustyVeil_Response,2,DustyVeil,우호,2,0,"사실은 나도 조금 생각해봤는데, 우리 마음이 통하나 봐.",END
ITV_297,DG_ITV015_DustyVeil_Ask,1,Player,,1,,당신은 그녀에게 자루를 벗은 맨 얼굴을 보고 싶다고 말했다.,DG_ITV015_DustyVeil_Response_Router
ITV_298,DG_ITV015_DustyVeil_Response,2,DustyVeil,증오,1,0,(무서운 눈빛으로 노려보고 있다.),END
ITV_299,DG_ITV015_DustyVeil_Response,2,DustyVeil,경멸,1,-2,건방진 놈이… 절대 안 돼.,END
ITV_300,DG_ITV015_DustyVeil_Response,2,DustyVeil,경멸,2,-2,정신 나갔어? 절대 안 돼.,END
ITV_301,DG_ITV015_DustyVeil_Response,2,DustyVeil,무관심,1,-2,그건 왜 궁금해 하는거야?,END
ITV_302,DG_ITV015_DustyVeil_Response,2,DustyVeil,무관심,2,-2,이상한 말을 하네.,END
ITV_303,DG_ITV015_DustyVeil_Response,2,DustyVeil,흥미,1,-2,미안하지만 그럴 순 없어.,END
ITV_304,DG_ITV015_DustyVeil_Response,2,DustyVeil,흥미,2,-2,혹시… 기대하고 있는거야?,END
ITV_305,DG_ITV015_DustyVeil_Response,2,DustyVeil,우호,1,0,절대 싫어♡,END
ITV_306,DG_ITV015_DustyVeil_Response,2,DustyVeil,우호,2,0,미안해. 보여주는 건 안 돼.,END
ITV_307,DG_ITV016_DustyVeil_Ask,1,Player,,1,,당신은 이 주제에 대한 인터뷰를 모두 마쳤다.,DG_ITV016_DustyVeil_Response_Router
ITV_308,DG_ITV016_DustyVeil_Response,2,DustyVeil,증오,1,0,(무서운 눈빛으로 노려보고 있다.),END
ITV_309,DG_ITV016_DustyVeil_Response,2,DustyVeil,경멸,1,0,더 할 거 없지? 이제 죽여줄게.,END
ITV_310,DG_ITV016_DustyVeil_Response,2,DustyVeil,무관심,1,0,더 이상 할 말이 없어 보이네.,END
ITV_311,DG_ITV016_DustyVeil_Response,2,DustyVeil,흥미,1,0,할 말은 그게 끝이야?,END
ITV_312,DG_ITV016_DustyVeil_Response,2,DustyVeil,우호,1,0,(나를 유심히 바라보고 있다.),END
BTS_001,,1,Ruby,,1,,"하, 배짱도 좋네. 빌런 취재라니, 참 고상한 취미셔?",BTS_002
BTS_002,,2,Player,,1,,당신은 카메라를 허리춤으로 들어올렸다.,BTS_003
BTS_003,,3,Ruby,,1,,"저기 너, 내가 왜 언론에는 없고, 입소문으로만 있는지 알아?",BTS_004
BTS_004,,4,Player,,1,,…,BTS_005
BTS_005,,5,Ruby,,1,,사실 날 언론에 퍼뜨리려는 놈들은 너 말고도 있었지. 하지만 지금은 날 취재하러 오지 않아.,BTS_006
BTS_006,,6,Player,,1,,당신은 자세를 약간 낮췄다.,BTS_007
BTS_007,,7,Ruby,,1,,….걔들은 이제 걸을 수가 없거든.,END
BTS_008,,1,DustyVeil,,1,,넌 누구야? 처음 보는 얼굴인데.,BTS_009
BTS_009,,2,DustyVeil,,1,,그리고 옷은 왜 그렇게 더러운…,BTS_010
BTS_010,,3,DustyVeil,,1,,그거… 피…?,BTS_011
BTS_011,,4,DustyVeil,,1,,크으으… 크아아아!!!,END
BTS_012,,1,DustyVeil,,1,,도망치다니… 놀랐어.,BTS_013
BTS_013,,2,DustyVeil,,1,,이 도시에서 피를 흘리고도 나한테서 도망친 사람은 몇 없었거든.,BTS_014
BTS_014,,3,DustyVeil,,1,,"뭐, 그것도 이젠 끝이네. 깔끔하게 보내줄 테니까 안심해.",END
BTS_015,,1,DustyVeil,,1,,너 대체 뭐야? 평범한 기자라고? 그럴 리 없어.,BTS_016
BTS_016,,2,DustyVeil,,1,,무능력자가 나에게서 도망치는 건 불가능해!,BTS_017
BTS_017,,3,DustyVeil,,1,,후우… 뭐 운이 좋았나 봐? 그것도 이젠 끝이겠지만.,BTS_018
BTS_018,,4,DustyVeil,,1,,이젠 그만 죽여주지…!,END
BTE_001,,1,Ruby,,1,,하아.. 하아.. 어째서 그렇게까지.. 하는거지?,BTE_002
BTE_002,,2,Player,,1,,당신은 조심스럽게 카메라를 내렸다.,BTE_003
BTE_003,,3,Player,,1,,(한 눈에 반했기 때문이라고 말한다),BTE_004
BTE_004,,4,Ruby,,1,,무무무무무무무무무무무뭐라는거야 이 자식이…!!!!!!! 날 놀리는 것은 그 쯤 하라고!!,BTE_005
BTE_005,,5,Ruby,,1,,"하아… 아무튼, 이 정도면 충분하지?",BTE_006
BTE_006,,6,Player,,1,,당신은 고개를 끄덕인다.,END
BTE_007,,1,DustyVeil,,1,,가…가지 마요…!,BTE_008
BTE_008,,2,DustyVeil,,,,당신은 반드시 제가… 우으…,END
ESC_001,DG_ESC000_Success,1,Player,,1,,무사히 도망쳤다!,END
ESC_002,DG_ESC001_Ruby_Fail,1,Player,,1,,도망칠 수 없었다…,DG_ESC001_Ruby_Response_Router
ESC_003,DG_ESC001_Ruby_Response,2,Ruby,증오,1,0,"하, 하하하하하!!!!!!!",END
ESC_004,DG_ESC001_Ruby_Response,2,Ruby,경멸,1,0,"푸흡, 도망갈 수 있을 거 같아?",END
ESC_005,DG_ESC001_Ruby_Response,2,Ruby,무관심,1,0,"뭐야? 시비를 털어놓고, 어딜 가려고?",END
ESC_006,DG_ESC001_Ruby_Response,2,Ruby,흥미,1,0,더 질문할 게 있는 것 같지 않아? 날 실망시키지 않았으면 좋겠는데.,END
ESC_007,DG_ESC001_Ruby_Response,2,Ruby,우호,1,0,응? 설마 도망가는 건… 아니지?,END
ESC_008,DG_ESC001_DustyVeil_Fail,1,Player,,1,,도망칠 수 없었다…,DG_ESC001_DustyVeil_Response_Router
ESC_009,DG_ESC001_DustyVeil_Response,2,DustyVeil,증오,1,0,(말 없이 단검을 나에게 겨누고 있다.),END
ESC_010,DG_ESC001_DustyVeil_Response,2,DustyVeil,경멸,1,0,건방지네. 감히 내 앞에서?,END
ESC_011,DG_ESC001_DustyVeil_Response,2,DustyVeil,무관심,1,0,도망칠 수 있을 거라고 생각한거야?,END
ESC_012,DG_ESC001_DustyVeil_Response,2,DustyVeil,흥미,1,0,뭐야? 술래잡기야?,END
ESC_013,DG_ESC001_DustyVeil_Response,2,DustyVeil,우호,1,0,후후… 어딜 가려고? 난 여기 있잖아.,END
ITM_001,DG_ITM001_Ask,1,Player,,1,,당신은 오래된 신문 하나를 꺼냈다!,DG_ITM001_Ruby_Response_Router
ITM_002,DG_ITM001_Ruby_Response,2,Ruby,증오,1,0,…,ITM_003
ITM_003,,3,Player,,1,,당신은 신문의 1면에 적힌 기사를 읽기 시작했다..,ITM_004
ITM_004,,4,Player,,1,,기사에는 빌런들이 도시를 테러했다는 사건이 적혀 있었다.,ITM_005
ITM_005,,5,Ruby,,1,,…,ITM_006
ITM_006,,6,Player,,1,,당신은 루비가 심하게 떨고 있는 것을 보고 말았다.,ITM_007
ITM_007,,7,Player,,1,,당장이라도 도망쳐야 할 것 같은 기분이 든다.,END
ITM_008,DG_ITM001_Ruby_Response,2,Ruby,경멸,1,-3,그 신문은.. 뭐지?..,ITM_009
ITM_009,,3,Player,,1,,당신은 신문의 1면에 적힌 기사를 읽기 시작했다..,ITM_010
ITM_010,,4,Player,,1,,기사에는 빌런들이 도시를 테러했다는 사건이 적혀 있었다.,ITM_011
ITM_011,,5,Ruby,,1,,"너, ….크윽!!!! 네 손으로 무덤을 팠다고 생각해라!!",ITM_012
ITM_012,,6,Player,,1,,갑자기 주위의 분위기가 살벌하게 바뀌었다.,ITM_013
ITM_013,,7,Player,,1,,당신은 여기에 묻히지 않도록 마음을 가다듬었다..,END
ITM_014,DG_ITM001_Ruby_Response,2,Ruby,무관심,1,-3,"뭐야, 그 쓰레기는?",ITM_015
ITM_015,,3,Player,,1,,당신은 신문의 1면에 적힌 기사를 읽기 시작했다..,ITM_016
ITM_016,,4,Player,,1,,기사에는 빌런들이 도시를 테러했다는 사건이 적혀 있었다.,ITM_017
ITM_017,,5,Ruby,,1,,윽.. 너… 왜 그걸 내 앞에서 읽는 거지?,ITM_018
ITM_018,,6,Player,,1,,당신은 당시에 무슨 일이 있었는 지 물어봤다.,ITM_019
ITM_019,,7,Ruby,,1,,닥쳐!! 그 날.... 그 날은.. 내 인생 최악의 날이었어!! 네가 알 필요 없다고!,ITM_020
ITM_020,,8,Player,,1,,갑자기 주위의 분위기가 살벌하게 바뀌었다.,ITM_021
ITM_021,,9,Player,,1,,당신은 그녀의 심기를 잘못 건드렸음을 뒤늦게 알아차렸다..,END
ITM_022,DG_ITM001_Ruby_Response,2,Ruby,흥미,1,-3,그건 뭐야? 뜬금없이.. 신문?,ITM_023
ITM_023,,3,Player,,1,,당신은 신문의 1면에 적힌 기사를 읽기 시작했다..,ITM_024
ITM_024,,4,Player,,1,,기사에는 빌런들이 도시를 테러했다는 사건이 적혀 있었다.,ITM_025
ITM_025,,5,Ruby,,1,,너.. 그 신문 어디서 가져왔어? 그게 나한테 무슨 뜻인지 알고 읽고있는 거야?,ITM_026
ITM_026,,6,Player,,1,,당신은 당시에 무슨 일이 있었는 지 물어봤다.,ITM_027
ITM_027,,7,Ruby,,1,,"그 날은.. 난 기억하고 싶지 않지만, 반드시 기억해야만 하는 날이지.. 미안하지만, 네게 알려줄 수는 없을 것 같아.",ITM_028
ITM_028,,8,Player,,1,,당신은 그녀의 표정이 심각해지는 것을 보았다.,ITM_029
ITM_029,,9,Player,,1,,더 이상 이에 대해 질문하면 안 될 것 같다고 생각했다..,END
ITM_030,DG_ITM001_Ruby_Response,2,Ruby,우호,1,-3,그건.. 신문?,ITM_031
ITM_031,,3,Player,,1,,당신은 신문의 1면에 적힌 기사를 읽기 시작했다..,ITM_032
ITM_032,,4,Player,,1,,기사에는 빌런들이 도시를 테러했다는 사건이 적혀 있었다.,ITM_033
ITM_033,,5,Ruby,,1,,윽.. 어째서.. 그 날을 알고 있는 거야?,ITM_034
ITM_034,,6,Player,,1,,당신은 당시에 무슨 일이 있었는 지 물어봤다.,ITM_035
ITM_035,,7,Ruby,,1,,"그 날은.. 내 가족을 잃었던 날이야. 빌런들에 맞서 싸우는 자들이 나타났지만, 그들은 내 가족들을 버리고 빌런들에게서 도망쳤지.",ITM_036
ITM_036,,8,Player,,1,,당신은 잘못된 물음을 했다는 것을 깨달았다.,ITM_037
ITM_037,,9,Player,,1,,더 이상 이에 대해 질문하면 안 될 것 같다고 생각했다..,END
ITM_038,DG_ITM002_Ask,1,Player,,1,,당신은 가방에서 사진 하나를 꺼내 들었다!!,DG_ITM002_Ruby_Response_Router
ITM_039,DG_ITM002_Ruby_Response,2,Ruby,증오,1,0,…,ITM_040
ITM_040,,3,Player,,1,,사진에 담긴 것은 다름 아닌 곰돌이 무늬 잠옷을 입고 태평하게 자고 있는 루비의 모습이었다.,ITM_041
ITM_041,,4,Player,,1,,당신은 사진을 가리키며 지구의 모두가 이 사진을 봐야 한다고 광역 어그로를 끌었다!,ITM_042
ITM_042,,5,Ruby,,1,,…,ITM_043
ITM_043,,6,Player,,1,,당신은 루비의 얼굴이 심하게 일그러지는 것을 보고 말았다.,ITM_044
ITM_044,,7,Player,,1,,이 일을 더 크게 벌리면 세상에 남아있을 수 없겠다고 느꼈다..,END
ITM_045,DG_ITM002_Ruby_Response,2,Ruby,경멸,1,-1,"하, 이 와중에 장난치는건가?",ITM_046
ITM_046,,3,Player,,1,,사진에 담긴 것은 다름 아닌 곰돌이 무늬 잠옷을 입고 태평하게 자고 있는 루비의 모습이었다.,ITM_047
ITM_047,,4,Player,,1,,당신은 사진을 가리키며 지구의 모두가 이 사진을 봐야 한다고 광역 어그로를 끌었다!,ITM_048
ITM_048,,5,Ruby,,1,,……….넌 오늘 여기서 죽는다.,ITM_049
ITM_049,,6,Player,,1,,당신은 위협에도 굴하지 않고 소녀의 수치심을 높이기 위해 최선을 다하였다.,ITM_050
ITM_050,,7,Player,,1,,하지만 그 곳에 서있는 것은 이미 말이 통하지 않는 살인 기계였다.,END
ITM_051,DG_ITM002_Ruby_Response,2,Ruby,무관심,1,0,그게 뭔데?,ITM_052
ITM_052,,3,Player,,1,,사진에 담긴 것은 다름 아닌 곰돌이 무늬 잠옷을 입고 태평하게 자고 있는 루비의 모습이었다.,ITM_053
ITM_053,,4,Player,,1,,당신은 사진을 가리키며 지구의 모두가 이 사진을 봐야 한다고 광역 어그로를 끌었다!,ITM_054
ITM_054,,5,Ruby,,1,,너 이 새끼..!!! 넌 여기서 살아서 돌아갈 생각 마!!!,ITM_055
ITM_055,,6,Player,,1,,당신은 위협에도 굴하지 않고 소녀의 수치심을 높이기 위해 최선을 다하였다.,ITM_056
ITM_056,,7,Ruby,,1,,멈추라고 이 새끼야!!!!,ITM_057
ITM_057,,8,Player,,1,,당신은 주위에서 웅성거리는 소란스러움을 느끼고 나서야 사진을 다시 가방에 담았다.,ITM_058
ITM_058,,9,Player,,1,,그녀는 무척이나 화난 표정을 하고 있었다.,END
ITM_059,DG_ITM002_Ruby_Response,2,Ruby,흥미,1,1,..갑자기 뭐야?,ITM_060
ITM_060,,3,Player,,1,,사진에 담긴 것은 다름 아닌 곰돌이 무늬 잠옷을 입고 태평하게 자고 있는 루비의 모습이었다.,ITM_061
ITM_061,,4,Player,,1,,당신은 사진을 가리키며 지구의 모두가 이 사진을 봐야 한다고 광역 어그로를 끌었다!,ITM_062
ITM_062,,5,Ruby,,1,,"ㄴ..너!! 크윽….. 이런 쓰레기 자식!! 감히 날 도촬하다니, 죽고 싶어 환장한거냐?!",ITM_063
ITM_063,,6,Player,,1,,당신은 위협에도 굴하지 않고 소녀의 수치심을 높이기 위해 최선을 다하였다.,ITM_064
ITM_064,,7,Ruby,,1,,큿….. 으아아아!! 그만둬!!,ITM_065
ITM_065,,8,Player,,1,,당신은 주위에서 웅성거리는 소란스러움을 느끼고 나서야 사진을 다시 가방에 담았다.,ITM_066
ITM_066,,9,Player,,1,,그녀는 주위를 신경쓰기 시작했다..,END
ITM_067,DG_ITM002_Ruby_Response,2,Ruby,우호,1,0,…응?,ITM_068
ITM_068,,3,Player,,1,,사진에 담긴 것은 다름 아닌 곰돌이 무늬 잠옷을 입고 태평하게 자고 있는 루비의 모습이었다.,ITM_069
ITM_069,,4,Player,,1,,당신은 사진을 가리키며 지구의 모두가 이 사진을 봐야 한다고 광역 어그로를 끌었다!,ITM_070
ITM_070,,5,Ruby,,1,,ㅇ..응??..잠깐!! 너 지금 뭘 꺼낸거야!!!,ITM_071
ITM_071,,6,Player,,1,,당신은 당황하는 소녀의 모습을 더욱 부추기기 위해 최선을 다하였다!!,ITM_072
ITM_072,,7,Ruby,,1,,윽….!! 그거 이리내!!!,ITM_073
ITM_073,,8,Player,,1,,당신은 주위에서 웅성거리는 소란스러움을 느끼고 나서야 사진을 다시 가방에 담았다.,ITM_074
ITM_074,,9,Player,,1,,그녀는 얼굴을 들기 힘들어졌다..,END
ITM_075,DG_ITM003_Ask,1,Player,,1,,당신은 가방에서 곰 인형 하나를 꺼내 들었다!!,DG_ITM003_Ruby_Response_Router
ITM_076,DG_ITM003_Ruby_Response,2,Ruby,증오,1,0,…,ITM_077
ITM_077,,3,Player,,1,,이유 모르게 가운데가 날씬해진 인형이었다. 하지만 털의 풍성함이나 전체적인 인형의 상태를 보아하니 산 지 얼마 안 된 것 같았다.,ITM_078
ITM_078,,4,Player,,1,,당신은 곰 인형을 들고 인형의 푹신함으로 그녀를 유혹했다!,ITM_079
ITM_079,,5,Ruby,,1,,…,ITM_080
ITM_080,,6,Player,,1,,당신은 루비의 얼굴이 심하게 일그러지는 것을 보고 말았다.,ITM_081
ITM_081,,7,Player,,1,,이 일을 더 크게 벌리면 세상에 남아있을 수 없겠다고 느꼈다..,END
ITM_082,DG_ITM003_Ruby_Response,2,Ruby,경멸,1,1,"허, 남의 물건까지 훔치네? 쓰레기가.",ITM_083
ITM_083,,3,Player,,1,,이유 모르게 가운데가 날씬해진 인형이었다. 하지만 털의 풍성함이나 전체적인 인형의 상태를 보아하니 산 지 얼마 안 된 것 같았다.,ITM_084
ITM_084,,4,Player,,1,,당신은 곰 인형을 들고 인형의 푹신함으로 그녀를 유혹했다!,ITM_085
ITM_085,,5,Ruby,,1,,어이가 없네. 죽여 달라고 떼쓰는 거야? (눈치를 보며),ITM_086
ITM_086,,6,Player,,1,,당신은 위협에도 굴하지 않고 소녀의 본능을 이끌어 내기 위해 최선을 다하였다.,ITM_087
ITM_087,,7,Ruby,,1,,…크윽!,ITM_088
ITM_088,,8,Player,,1,,다행히 약간의 효과가 있는 것 같았다!,END
ITM_089,DG_ITM003_Ruby_Response,2,Ruby,무관심,1,1,"뭐야! 그건 내 거잖아!! 이 새끼가, 내 물건을 훔쳐?",ITM_090
ITM_090,,3,Player,,1,,이유 모르게 가운데가 날씬해진 인형이었다. 하지만 털의 풍성함이나 전체적인 인형의 상태를 보아하니 산 지 얼마 안 된 것 같았다.,ITM_091
ITM_091,,4,Player,,1,,당신은 곰 인형을 들고 인형의 푹신함으로 그녀를 유혹했다!,ITM_092
ITM_092,,5,Ruby,,1,,앗..아.. 푹신해보여…! ..가 아니라!!! 돌려주지 않겠다면 죽여서 돌려 받겠다!!,ITM_093
ITM_093,,6,Player,,1,,당신은 위협에도 굴하지 않고 소녀의 본능을 이끌어 내기 위해 최선을 다하였다.,ITM_094
ITM_094,,7,Ruby,,1,,"윽..! 젠장, 이 녀석이! 감히 날 도발해??",ITM_095
ITM_095,,8,Player,,1,,당신은 루비의 전투 태세가 약간 허술해진 것을 보고 인형을 다시 가방에 담았다.,ITM_096
ITM_096,,9,Player,,1,,그녀는 뭔가 아쉬운 표정을 하고 있었다..!,END
ITM_097,DG_ITM003_Ruby_Response,2,Ruby,흥미,1,1,..응?? 네가 왜 그걸 가지고 있어!?,ITM_098
ITM_098,,3,Player,,1,,이유 모르게 가운데가 날씬해진 인형이었다. 하지만 털의 풍성함이나 전체적인 인형의 상태를 보아하니 산 지 얼마 안 된 것 같았다.,ITM_099
ITM_099,,4,Player,,1,,당신은 곰 인형을 들고 인형의 푹신함으로 그녀를 유혹했다!,ITM_100
ITM_100,,5,Ruby,,1,,아앗.. 비겁하게 약점을 파고들다니! 넌 자존심도 없는거냐..!!,ITM_101
ITM_101,,6,Player,,1,,당신은 비난에도 굴하지 않고 소녀의 본능을 이끌어 내기 위해 최선을 다하였다.,ITM_102
ITM_102,,7,Ruby,,1,,크윽.. 그거 이리 내!!,ITM_103
ITM_103,,8,Player,,1,,당신은 루비의 손이 닿기 전에 재빠르게 인형을 다시 가방에 담았다.,ITM_104
ITM_104,,9,Player,,1,,그녀는 티나는 표정으로 어린 아이처럼 분함을 표현했다..,END
ITM_105,DG_ITM003_Ruby_Response,2,Ruby,우호,1,0,그건..! 내 곰 인형!!,ITM_106
ITM_106,,3,Player,,1,,이유 모르게 가운데가 날씬해진 인형이었다. 하지만 털의 풍성함이나 전체적인 인형의 상태를 보아하니 산 지 얼마 안 된 것 같았다.,ITM_107
ITM_107,,4,Player,,1,,당신은 곰 인형을 들고 인형의 푹신함으로 그녀를 유혹했다!,ITM_108
ITM_108,,5,Ruby,,1,,윽..! 그거 이리 내!,ITM_109
ITM_109,,6,Player,,1,,"앗, 이런! 루비는 번개같이 빠른 속도로 인형을 가로채갔다!",ITM_110
ITM_110,,7,Ruby,,1,,헤.. 으헤헤…,ITM_111
ITM_111,,8,Player,,1,,취재는 이미 안중에도 없이 그녀는 무아지경으로 인형을 껴안고 있었다..,END
ITM_112,DG_ITM004_Ask,1,Player,,1,,당신은 오래된 신문 하나를 꺼냈다.,DG_ITM004_DustyVeil_Response_Router
ITM_113,DG_ITM004_DustyVeil_Response,2,DustyVeil,증오,1,0,…,ITM_114
ITM_114,,3,Player,,1,,당신은 신문 구석에 있는 빌런 살해 사건에 대한 기사를 읽기 시작했다.,ITM_115
ITM_115,,4,Player,,1,,기사에는 무자비하게 살해당한 빌런들의 이름이 적혀있었다.,ITM_116
ITM_116,,5,DustyVeil,,1,,…,ITM_117
ITM_117,,6,Player,,1,,당신은 더스티 베일이 뭔가 만족스러운 듯한 감정을 느끼고 있는 것 같다고 느꼈다.,ITM_118
ITM_118,,7,Player,,1,,"하지만 그것도 잠시, 더 무거운 분위기로 변했다.",END
ITM_119,DG_ITM004_DustyVeil_Response,2,DustyVeil,경멸,1,3,그건 또 뭐야?,ITM_120
ITM_120,,3,Player,,1,,당신은 신문 구석에 있는 빌런 살해 사건에 대한 기사를 읽기 시작했다.,ITM_121
ITM_121,,4,Player,,1,,기사에는 무자비하게 살해당한 빌런들의 이름이 적혀있었다.,ITM_122
ITM_122,,5,DustyVeil,,1,,그래. 내가 했어.,ITM_123
ITM_123,,6,DustyVeil,,1,,그것들은 쓰레기였어. 누구라도 치웠어야 했던 놈들이야.,ITM_124
ITM_124,,7,Player,,1,,알 수 없는 자부심이 느껴진다.,END
ITM_125,DG_ITM004_DustyVeil_Response,2,DustyVeil,무관심,1,3,"그런 걸 꺼내다니, 무슨 생각이야?",ITM_126
ITM_126,,3,Player,,1,,당신은 신문 구석에 있는 빌런 살해 사건에 대한 기사를 읽기 시작했다.,ITM_127
ITM_127,,4,Player,,1,,기사에는 무자비하게 살해당한 빌런들의 이름이 적혀있었다.,ITM_128
ITM_128,,5,DustyVeil,,1,,…익숙한 이름이네.,ITM_129
ITM_129,,6,DustyVeil,,1,,전부 내 손으로 끝내버렸지만.,ITM_130
ITM_130,,7,Player,,1,,자랑스럽게 말하는 그녀에게서 당신은 오싹해지는 것을 느꼈다.,END
ITM_131,DG_ITM004_DustyVeil_Response,2,DustyVeil,흥미,1,3,뭘 꺼낸 거야? 신문?,ITM_132
ITM_132,,3,Player,,1,,당신은 신문 구석에 있는 빌런 살해 사건에 대한 기사를 읽기 시작했다.,ITM_133
ITM_133,,4,Player,,1,,기사에는 무자비하게 살해당한 빌런들의 이름이 적혀있었다.,ITM_134
ITM_134,,5,DustyVeil,,1,,그게 뭐? 특별한 거라도 있어?,ITM_135
ITM_135,,6,DustyVeil,,1,,엄청 궁금하면 못 알려줄 것도 없고…?,ITM_136
ITM_136,,7,Player,,1,,당신은 무슨 일이 있었는지 물어봤다.,ITM_137
ITM_137,,8,DustyVeil,,1,,내가 처리한 애들이야. 다 나쁜 짓 한 놈들만 있었으니까 안심해도 돼.,ITM_138
ITM_138,,9,Player,,1,,소름끼친 당신은 질문을 그만뒀다.,END
ITM_139,DG_ITM004_DustyVeil_Response,2,DustyVeil,우호,1,0,그건 뭐야? 재밌는 거야?,ITM_140
ITM_140,,3,Player,,1,,당신은 신문 구석에 있는 빌런 살해 사건에 대한 기사를 읽기 시작했다.,ITM_141
ITM_141,,4,Player,,1,,기사에는 무자비하게 살해당한 빌런들의 이름이 적혀있었다.,ITM_142
ITM_142,,5,DustyVeil,,1,,음… 별로 재미는 없네. 그 신문에 그런 것도 적혀있구나?,ITM_143
ITM_143,,6,Player,,1,,당신은 이 일과 그녀가 연관이 있는지 물어봤다.,ITM_144
ITM_144,,7,DustyVeil,,1,,그래. 내가 죽였지. 얼마나 좋았는데.,ITM_145
ITM_145,,8,Player,,1,,당신은 황홀감에 빠진 그녀를 보고 질문을 그만뒀다.,END
ITM_146,DG_ITM005_Ask,1,Player,,1,,당신은 낡은 손거울을 꺼냈다!,DG_ITM005_DustyVeil_Response_Router
ITM_147,DG_ITM005_DustyVeil_Response,2,DustyVeil,증오,1,0,…,ITM_148
ITM_148,,3,Player,,1,,당신은 뒷골목 구석에서 이 거울을 주웠다고 말했다.,ITM_149
ITM_149,,4,DustyVeil,,1,,…,ITM_150
ITM_150,,5,Player,,1,,더스티 베일의 몸이 떨리기 시작하는 것이 보인다.,ITM_151
ITM_151,,6,Player,,1,,아무래도 죽지 않을 방법을 찾아야 할 것 같다.,END
ITM_152,DG_ITM005_DustyVeil_Response,2,DustyVeil,경멸,1,1,그걸 네가 어떻게 들고 있는거지?,ITM_153
ITM_153,,3,Player,,1,,당신은 뒷골목 구석에서 이 거울을 주웠다고 말했다.,ITM_154
ITM_154,,4,DustyVeil,,1,,…더러워졌네. 이젠 쓸모 없어.,ITM_155
ITM_155,,5,Player,,1,,말과 달리 거울을 흘겨보는 눈빛이 느껴진다.,END
ITM_156,DG_ITM005_DustyVeil_Response,2,DustyVeil,무관심,1,1,그건 내 거울이잖아. 그걸 어디서 난거야?,ITM_157
ITM_157,,3,Player,,1,,당신은 뒷골목 구석에서 이 거울을 주웠다고 말했다.,ITM_158
ITM_158,,4,DustyVeil,,1,,별거 아니야. 오래전에 잃어버린 것 뿐이야.,ITM_159
ITM_159,,5,DustyVeil,,1,,뭐해? 빨리 안 돌려주고?,ITM_160
ITM_160,,6,Player,,1,,그녀는 관심 없다는 말과는 다른 행동을 보였다.,END
ITM_161,DG_ITM005_DustyVeil_Response,2,DustyVeil,흥미,1,1,그건… 예전에 잃어버렸던 건데?,ITM_162
ITM_162,,3,DustyVeil,,1,,네가 찾아준 거야?,ITM_163
ITM_163,,4,Player,,1,,당신은 뒷골목 구석에서 이 거울을 주웠다고 말했다.,ITM_164
ITM_164,,5,DustyVeil,,1,,고마워. 거의 포기하고 있었는데… 소중한 물건이거든.,ITM_165
ITM_165,,6,Player,,1,,분위기가 누그러진 듯한 기분이 든다.,END
ITM_166,DG_ITM005_DustyVeil_Response,2,DustyVeil,우호,1,0,그건 내 거울이잖아? 예전에 잃어버렸었는데.,ITM_167
ITM_167,,3,Player,,1,,당신은 뒷골목 구석에서 이 거울을 주웠다고 말했다.,ITM_168
ITM_168,,4,DustyVeil,,1,,남아있었구나… 아직까지도 있었을 줄이야.,ITM_169
ITM_169,,5,DustyVeil,,1,,찾아줘서 고마워.,ITM_170
ITM_170,,6,Player,,1,,더스티 베일은 얼굴을 붉히며 감사를 표현했다.,END
ITM_171,DG_ITM006_Ask,1,Player,,1,,당신은 혈흔이 묻은 종이 조각을 꺼냈다!,DG_ITM006_DustyVeil_Response_Router
ITM_172,DG_ITM006_DustyVeil_Response,2,DustyVeil,증오,1,0,…,ITM_173
ITM_173,,3,Player,,1,,피가 묻어있어 내용을 읽을 수 없는 종이 조각을 높이 들었다.,ITM_174
ITM_174,,4,DustyVeil,,1,,…,ITM_175
ITM_175,,5,Player,,1,,당신은 그녀의 자세가 달라지는 것과 함께 분위기가 무거워지는 것을 느꼈다.,ITM_176
ITM_176,,6,Player,,1,,아무래도 잘못된 선택을 한 것 같다.,END
ITM_177,DG_ITM006_DustyVeil_Response,2,DustyVeil,경멸,1,-3,"뭐, 자랑이라도 하는 거야?",ITM_178
ITM_178,,3,Player,,1,,피가 묻어있어 내용을 읽을 수 없는 종이 조각을 높이 들었다.,ITM_179
ITM_179,,4,DustyVeil,,1,,너… 그걸 어디서…,ITM_180
ITM_180,,5,DustyVeil,,1,,"뭐, 중요하진 않지. 너만 죽으면 끝일테니까.",ITM_181
ITM_181,,6,Player,,1,,당신은 당신에게 겨눠지는 칼을 보고 당신의 선택을 후회했다.,END
ITM_182,DG_ITM006_DustyVeil_Response,2,DustyVeil,무관심,1,-3,"뭐야, 그 더러운 종이는.",ITM_183
ITM_183,,3,Player,,1,,피가 묻어있어 내용을 읽을 수 없는 종이 조각을 높이 들었다.,ITM_184
ITM_184,,4,DustyVeil,,1,,너… 그걸 도대체 어디서…,ITM_185
ITM_185,,5,DustyVeil,,1,,분명히 한 장도 안 남았을텐데? 너…,ITM_186
ITM_186,,6,Player,,1,,당신은 더스티 베일이 칼을 고쳐 잡는 것을 보고 긴장했다.,END
ITM_187,DG_ITM006_DustyVeil_Response,2,DustyVeil,흥미,1,-3,너… 그걸 어디서 얻은 거야?,ITM_188
ITM_188,,3,Player,,1,,피가 묻어있어 내용을 읽을 수 없는 종이 조각을 높이 들었다.,ITM_189
ITM_189,,4,DustyVeil,,1,,그건… 아니야. 내가 한 게 아니야…!,ITM_190
ITM_190,,5,DustyVeil,,1,,너…너도 알잖아. 내가 한 게 아니라고!!!,ITM_191
ITM_191,,6,Player,,1,,당신은 그녀의 상태가 불안정해지는 것을 보고 긴장했다.,END
ITM_192,DG_ITM006_DustyVeil_Response,2,DustyVeil,우호,1,-3,너… 그게 뭔지는 알고 있어?,ITM_193
ITM_193,,3,Player,,1,,피가 묻어있어 내용을 읽을 수 없는 종이 조각을 높이 들었다.,ITM_194
ITM_194,,4,DustyVeil,,1,,내용. 뭔지 알겠어?,ITM_195
ITM_195,,5,Player,,1,,당신은 말라붙은 얼룩 탓에 내용을 읽을 수 없다고 말했다.,ITM_196
ITM_196,,6,DustyVeil,,1,,그래. 그렇겠지… 그러면 그걸 왜 들고 온거야?,ITM_197
ITM_197,,7,Player,,1,,당신은 그녀의 날카로운 눈빛을 보고 무언가 잘못됐음을 느꼈다.,END
